,baseline-abs-R1,baseline-abs-R2,baseline-abs-RL,bert-base-abs-zs-R1,bert-base-abs-zs-R2,bert-base-abs-zs-RL,t5-small-abs-zs-R1,t5-small-abs-zs-R2,t5-small-abs-zs-RL,gpt-3.5-abs-zs-R1,gpt-3.5-abs-zs-R2,gpt-3.5-abs-zs-RL,gpt-4-abs-zs-R1,gpt-4-abs-zs-R2,gpt-4-abs-zs-RL,bert-base-abs-ft-R1,bert-base-abs-ft-R2,bert-base-abs-ft-RL,t5-small-abs-ft-R1,t5-small-abs-ft-R2,t5-small-abs-ft-RL,gpt-3.5-abs-ft-R1,gpt-3.5-abs-ft-R2,gpt-3.5-abs-ft-RL,gpt-4-abs-ft-R1,gpt-4-abs-ft-R2,gpt-4-abs-ft-RL
0,0.05263157894736842,0.0,0.05263157894736842,0.27380952380952384,0.12048192771084336,0.19047619047619047,0.27272727272727276,0.06976744186046512,0.2045454545454545,0.32183908045977005,0.11764705882352941,0.25287356321839083,0.2988505747126437,0.14117647058823532,0.27586206896551724,0.17391304347826086,0.04444444444444444,0.15217391304347824,0.29357798165137616,0.11214953271028037,0.22018348623853212,0.39080459770114945,0.14117647058823532,0.32183908045977005,0.28888888888888886,0.0909090909090909,0.2444444444444444
1,0.11764705882352942,0.0,0.11764705882352942,0.31884057971014496,0.10294117647058824,0.20289855072463767,0.4225352112676056,0.14492753623188406,0.2535211267605634,0.5517241379310345,0.18823529411764706,0.29885057471264365,0.5176470588235295,0.16867469879518074,0.28235294117647064,0.5,0.18604651162790697,0.29545454545454547,0.380952380952381,0.09836065573770493,0.1904761904761905,0.5783132530120482,0.2716049382716049,0.38554216867469876,0.45977011494252873,0.18823529411764706,0.29885057471264365
2,0.04878048780487805,0.0,0.04878048780487805,0.36231884057971014,0.14705882352941177,0.20289855072463767,0.46341463414634143,0.225,0.26829268292682923,0.4943820224719101,0.22988505747126434,0.24719101123595505,0.37209302325581395,0.14285714285714288,0.27906976744186046,0.5555555555555556,0.31818181818181823,0.33333333333333326,0.3703703703703704,0.17721518987341775,0.271604938271605,0.3777777777777778,0.13636363636363635,0.19999999999999998,0.3636363636363636,0.11627906976744187,0.1818181818181818
3,0.1836734693877551,0.0,0.12244897959183673,0.44943820224719105,0.25,0.34831460674157305,0.44036697247706424,0.14953271028037385,0.23853211009174313,0.5892857142857143,0.3818181818181818,0.44642857142857145,0.5840707964601771,0.39639639639639646,0.49557522123893805,0.4580152671755725,0.24806201550387597,0.3358778625954198,0.5555555555555556,0.29032258064516137,0.3968253968253969,0.5486725663716815,0.2882882882882883,0.35398230088495575,0.4642857142857143,0.2,0.3571428571428571
4,0.29629629629629634,0.05063291139240506,0.14814814814814817,0.297029702970297,0.12,0.16831683168316833,0.4186046511627907,0.07142857142857142,0.2558139534883721,0.43298969072164956,0.1894736842105263,0.24742268041237117,0.4631578947368421,0.1935483870967742,0.23157894736842105,0.3829787234042554,0.10869565217391304,0.2127659574468085,0.39622641509433965,0.11538461538461538,0.2641509433962264,0.41237113402061853,0.1894736842105263,0.2268041237113402,0.45652173913043476,0.22222222222222224,0.32608695652173914
5,0.09230769230769231,0.0,0.09230769230769231,0.39199999999999996,0.23387096774193547,0.344,0.36507936507936506,0.20967741935483872,0.30158730158730157,0.4444444444444445,0.2394366197183099,0.2916666666666667,0.39160839160839167,0.11347517730496452,0.18181818181818182,0.3971631205673759,0.21582733812949642,0.3262411347517731,0.4,0.21052631578947367,0.3259259259259259,0.4195804195804196,0.1702127659574468,0.26573426573426573,0.3611111111111111,0.08450704225352113,0.25
6,0.0784313725490196,0.0,0.0784313725490196,0.21839080459770116,0.12790697674418605,0.13793103448275862,0.14705882352941177,0.060606060606060615,0.11764705882352942,0.26666666666666666,0.10958904109589039,0.18666666666666668,0.43478260869565216,0.11940298507462685,0.2608695652173913,0.35,0.23076923076923078,0.22499999999999995,0.35443037974683544,0.18181818181818182,0.17721518987341772,0.26666666666666666,0.10958904109589039,0.18666666666666668,0.4057971014492754,0.11940298507462685,0.2608695652173913
7,0.04597701149425288,0.0,0.04597701149425288,0.2573099415204678,0.07100591715976332,0.15204678362573099,0.2542372881355932,0.05172413793103449,0.16949152542372883,0.37499999999999994,0.0851063829787234,0.16666666666666666,0.3260869565217391,0.08888888888888888,0.19565217391304346,0.2857142857142857,0.07272727272727272,0.1785714285714286,0.23931623931623933,0.034782608695652174,0.15384615384615383,0.42553191489361697,0.13043478260869565,0.2978723404255319,0.35789473684210527,0.08602150537634408,0.21052631578947367
8,0.058252427184466014,0.0,0.058252427184466014,0.23529411764705882,0.08333333333333333,0.1411764705882353,0.23076923076923075,0.07843137254901959,0.15384615384615385,0.3137254901960784,0.12,0.23529411764705882,0.3469387755102041,0.14583333333333334,0.22448979591836735,0.35,0.20338983050847456,0.28333333333333327,0.3676470588235294,0.14925373134328357,0.25,0.3428571428571428,0.11650485436893204,0.20952380952380953,0.35294117647058826,0.15999999999999998,0.2549019607843137
9,0.08571428571428572,0.0,0.08571428571428572,0.27096774193548384,0.19607843137254902,0.25806451612903225,0.5797101449275361,0.41791044776119407,0.5507246376811594,0.4888888888888889,0.3181818181818182,0.4444444444444445,0.4318181818181818,0.2790697674418605,0.40909090909090906,0.5473684210526315,0.38709677419354843,0.5263157894736842,0.6292134831460674,0.41379310344827586,0.5842696629213483,0.4545454545454546,0.20930232558139533,0.3409090909090909,0.4047619047619048,0.24390243902439024,0.3095238095238095
10,0.08571428571428572,0.0,0.08571428571428572,0.22818791946308722,0.09523809523809523,0.16107382550335572,0.1702127659574468,0.021739130434782608,0.12765957446808512,0.3373493975903614,0.12345679012345677,0.21686746987951808,0.35000000000000003,0.12820512820512822,0.225,0.21739130434782608,0.06666666666666667,0.17391304347826086,0.36585365853658536,0.15,0.29268292682926833,0.345679012345679,0.12658227848101267,0.22222222222222224,0.2962962962962963,0.10126582278481011,0.19753086419753085
11,0.10526315789473684,0.0,0.07894736842105263,0.2625,0.1139240506329114,0.175,0.4301075268817204,0.17582417582417584,0.27956989247311825,0.0,0.0,0.0,0.0,0.0,0.0,0.3870967741935484,0.13186813186813187,0.25806451612903225,0.34,0.10204081632653061,0.2,0.0,0.0,0.0,0.0,0.0,0.0
12,0.19819819819819823,0.03669724770642201,0.19819819819819823,0.5023696682464455,0.35406698564593303,0.44549763033175355,0.43333333333333335,0.288135593220339,0.3666666666666667,0.5666666666666667,0.3220338983050847,0.4666666666666667,0.5178571428571428,0.3454545454545454,0.4464285714285715,0.4473684210526316,0.21333333333333332,0.2894736842105263,0.5806451612903226,0.3442622950819672,0.435483870967742,0.5166666666666667,0.3220338983050847,0.43333333333333335,0.456140350877193,0.30357142857142855,0.38596491228070173
13,0.0909090909090909,0.018518518518518517,0.07272727272727272,0.4360189573459715,0.15311004784688997,0.1990521327014218,0.39705882352941174,0.13432835820895522,0.2058823529411765,0.40625,0.15873015873015875,0.1875,0.39062500000000006,0.12698412698412698,0.1875,0.43537414965986393,0.12413793103448276,0.1904761904761905,0.4305555555555556,0.15492957746478872,0.19444444444444445,0.4461538461538462,0.140625,0.2153846153846154,0.37209302325581395,0.12598425196850394,0.18604651162790697
14,0.1388888888888889,0.0,0.1388888888888889,0.20588235294117646,0.0,0.1323529411764706,0.2333333333333333,0.0,0.1,0.29213483146067415,0.1149425287356322,0.2247191011235955,0.3058823529411765,0.024096385542168672,0.16470588235294115,0.2696629213483146,0.06896551724137932,0.2247191011235955,0.26666666666666666,0.0,0.1,0.5227272727272726,0.3023255813953488,0.40909090909090906,0.42857142857142855,0.17073170731707318,0.2380952380952381
15,0.08791208791208793,0.0,0.06593406593406592,0.2383419689119171,0.0418848167539267,0.14507772020725387,0.29357798165137616,0.09345794392523366,0.22018348623853212,0.22448979591836735,0.0,0.12244897959183673,0.3157894736842105,0.12903225806451613,0.1894736842105263,0.3333333333333333,0.1,0.17647058823529413,0.3047619047619048,0.09708737864077671,0.2285714285714286,0.2828282828282828,0.020618556701030927,0.1414141414141414,0.2150537634408602,0.021978021978021976,0.1290322580645161
16,0.17647058823529413,0.0,0.11764705882352941,0.18579234972677594,0.06629834254143646,0.14207650273224043,0.205607476635514,0.0,0.13084112149532712,0.39473684210526316,0.1891891891891892,0.3421052631578948,0.4050632911392405,0.1818181818181818,0.3291139240506329,0.3333333333333333,0.14893617021276595,0.2916666666666667,0.3333333333333333,0.17857142857142858,0.28070175438596495,0.4146341463414634,0.225,0.2682926829268293,0.379746835443038,0.1818181818181818,0.3544303797468354
17,0.06666666666666667,0.0,0.06666666666666667,0.2514285714285714,0.08092485549132947,0.17142857142857143,0.2790697674418605,0.04761904761904762,0.20930232558139536,0.0,0.0,0.0,0.0,0.0,0.0,0.39999999999999997,0.08602150537634408,0.23157894736842108,0.33898305084745767,0.12068965517241381,0.22033898305084745,0.0,0.0,0.0,0.0,0.0,0.0
18,0.09302325581395349,0.0,0.06976744186046513,0.21212121212121207,0.0510204081632653,0.11111111111111113,0.3137254901960784,0.08,0.23529411764705882,0.3689320388349514,0.0792079207920792,0.19417475728155342,0.35294117647058826,0.08,0.17647058823529413,0.3220338983050848,0.0689655172413793,0.1694915254237288,0.3243243243243243,0.09174311926605505,0.18018018018018017,0.3689320388349514,0.0792079207920792,0.19417475728155342,0.32,0.04081632653061224,0.2
19,0.14285714285714288,0.013157894736842105,0.1038961038961039,0.40506329113924056,0.1446808510638298,0.16033755274261602,0.25149700598802394,0.06060606060606061,0.13173652694610777,0.3391812865497076,0.11834319526627218,0.14035087719298248,0.2619047619047619,0.08433734939759036,0.13095238095238096,0.3350253807106599,0.10256410256410256,0.19289340101522842,0.3763440860215053,0.1847826086956522,0.23655913978494625,0.3391812865497076,0.11834319526627218,0.14035087719298248,0.28235294117647064,0.11904761904761905,0.12941176470588237
20,0.08333333333333331,0.0,0.08333333333333331,0.14201183431952663,0.04790419161676646,0.10650887573964497,0.16666666666666669,0.024390243902439025,0.09523809523809525,0.27848101265822783,0.1038961038961039,0.20253164556962025,0.2962962962962962,0.10126582278481013,0.22222222222222224,0.35789473684210527,0.08602150537634408,0.23157894736842102,0.2142857142857143,0.04878048780487805,0.14285714285714285,0.2716049382716049,0.10126582278481013,0.19753086419753088,0.3,0.10256410256410256,0.2
21,0.17073170731707318,0.025000000000000005,0.14634146341463414,0.27225130890052357,0.16931216931216933,0.2094240837696335,0.24096385542168675,0.09876543209876544,0.16867469879518074,0.3404255319148936,0.2173913043478261,0.2765957446808511,0.3404255319148936,0.19565217391304346,0.2978723404255319,0.2376237623762376,0.0808080808080808,0.1584158415841584,0.375,0.2363636363636364,0.2857142857142857,0.43478260869565216,0.24444444444444446,0.391304347826087,0.3225806451612903,0.19780219780219782,0.3010752688172043
22,0.2318840579710145,0.0,0.17391304347826086,0.3626373626373626,0.15555555555555556,0.25274725274725274,0.3902439024390244,0.075,0.14634146341463414,0.5052631578947369,0.12903225806451613,0.23157894736842105,0.4222222222222223,0.0909090909090909,0.24444444444444444,0.5904761904761905,0.3300970873786408,0.45714285714285713,0.6105263157894738,0.32258064516129037,0.4421052631578948,0.4893617021276596,0.13043478260869565,0.23404255319148937,0.46153846153846156,0.06741573033707865,0.2637362637362637
23,0.13533834586466167,0.0,0.13533834586466167,0.48214285714285715,0.21621621621621623,0.26785714285714285,0.2406015037593985,0.07633587786259541,0.13533834586466167,0.0,0.0,0.0,0.0,0.0,0.0,0.5235602094240838,0.2645502645502646,0.2617801047120419,0.4768211920529801,0.2953020134228188,0.2781456953642384,0.0,0.0,0.0,0.0,0.0,0.0
24,0.10666666666666666,0.027397260273972605,0.10666666666666666,0.19289340101522845,0.05128205128205128,0.10152284263959391,0.2765957446808511,0.02173913043478261,0.14893617021276595,0.0,0.0,0.0,0.0,0.0,0.0,0.2765957446808511,0.04347826086956522,0.21276595744680854,0.36697247706422015,0.0747663551401869,0.22018348623853212,0.0,0.0,0.0,0.0,0.0,0.0
25,0.14634146341463414,0.05,0.14634146341463414,0.35365853658536583,0.25925925925925924,0.17073170731707318,0.45,0.30769230769230765,0.25,0.44705882352941173,0.21686746987951808,0.32941176470588235,0.4883720930232558,0.28571428571428575,0.23255813953488372,0.35416666666666663,0.19148936170212766,0.2916666666666667,0.5098039215686275,0.34,0.23529411764705882,0.627906976744186,0.38095238095238093,0.46511627906976744,0.5476190476190477,0.29268292682926833,0.23809523809523808
26,0.08333333333333333,0.0,0.08333333333333333,0.21052631578947367,0.05319148936170213,0.12631578947368421,0.288659793814433,0.08421052631578949,0.2268041237113402,0.42592592592592593,0.18867924528301885,0.2962962962962963,0.4299065420560748,0.17142857142857143,0.2803738317757009,0.36893203883495146,0.1188118811881188,0.2718446601941748,0.1875,0.0,0.125,0.49056603773584906,0.23076923076923075,0.32075471698113206,0.4181818181818182,0.16666666666666666,0.2545454545454545
27,0.11267605633802817,0.0,0.08450704225352113,0.23529411764705882,0.11891891891891891,0.13903743315508021,0.3333333333333333,0.2,0.25,0.5526315789473684,0.29729729729729726,0.2631578947368421,0.34210526315789475,0.10810810810810811,0.15789473684210525,0.41379310344827586,0.23529411764705885,0.2298850574712644,0.47619047619047616,0.26229508196721313,0.28571428571428575,0.5714285714285714,0.26666666666666666,0.2597402597402597,0.3589743589743589,0.10526315789473685,0.15384615384615383
28,0.20202020202020204,0.020618556701030927,0.18181818181818182,0.39999999999999997,0.19191919191919193,0.24,0.3728813559322034,0.17241379310344826,0.23728813559322032,0.5185185185185185,0.18867924528301888,0.35185185185185186,0.5321100917431193,0.16822429906542055,0.23853211009174313,0.3703703703703704,0.16541353383458648,0.2222222222222222,0.49612403100775193,0.2677165354330709,0.3720930232558139,0.5370370370370371,0.18867924528301888,0.35185185185185186,0.4954128440366973,0.18691588785046728,0.3119266055045872
29,0.034482758620689655,0.0,0.034482758620689655,0.15853658536585366,0.07407407407407408,0.15853658536585366,0.5483870967741936,0.5333333333333333,0.5483870967741936,0.2702702702702703,0.16666666666666666,0.2702702702702703,0.5,0.30303030303030304,0.5,0.5365853658536586,0.37500000000000006,0.41463414634146345,0.6,0.44117647058823534,0.6,0.2702702702702703,0.16666666666666666,0.2702702702702703,0.43478260869565216,0.2985074626865672,0.4057971014492754
30,0.12727272727272726,0.0,0.10909090909090909,0.31521739130434784,0.07692307692307693,0.1956521739130435,0.3597122302158273,0.0875912408759124,0.21582733812949642,0.44628099173553715,0.20168067226890757,0.23140495867768596,0.423728813559322,0.18965517241379312,0.288135593220339,0.5190839694656488,0.3565891472868217,0.41221374045801523,0.35211267605633806,0.08571428571428572,0.2112676056338028,0.41666666666666663,0.15254237288135594,0.19999999999999998,0.4067796610169491,0.18965517241379312,0.23728813559322032
31,0.15,0.0,0.125,0.2626262626262626,0.04081632653061225,0.11111111111111113,0.3125,0.0425531914893617,0.125,0.39999999999999997,0.11650485436893204,0.22857142857142856,0.38834951456310685,0.09900990099009901,0.19417475728155342,0.5046728971962616,0.22857142857142856,0.2990654205607477,0.37499999999999994,0.0851063829787234,0.20833333333333334,0.4117647058823529,0.08,0.23529411764705882,0.3333333333333333,0.1,0.1764705882352941
32,0.1388888888888889,0.0,0.11111111111111112,0.4313725490196078,0.3178807947019867,0.4313725490196078,0.6,0.3846153846153846,0.5,0.5454545454545454,0.23255813953488372,0.4545454545454546,0.6136363636363636,0.3488372093023256,0.4545454545454546,0.4814814814814815,0.33962264150943394,0.37037037037037035,0.7761194029850748,0.6461538461538462,0.746268656716418,0.5934065934065933,0.4719101123595506,0.5494505494505494,0.48888888888888893,0.2272727272727273,0.28888888888888886
33,0.18691588785046728,0.0,0.13084112149532712,0.32704402515723274,0.12738853503184713,0.25157232704402516,0.4752475247524753,0.26262626262626265,0.25742574257425743,0.3818181818181818,0.12962962962962962,0.2181818181818182,0.42592592592592593,0.09433962264150944,0.24074074074074076,0.33628318584070793,0.0900900900900901,0.24778761061946902,0.36893203883495146,0.1782178217821782,0.17475728155339806,0.4220183486238532,0.16822429906542055,0.23853211009174313,0.2641509433962264,0.07692307692307693,0.15094339622641512
34,0.029411764705882353,0.0,0.029411764705882353,0.3157894736842105,0.10714285714285714,0.21052631578947367,0.3235294117647059,0.15151515151515152,0.23529411764705882,0.4155844155844156,0.16,0.25974025974025977,0.39473684210526316,0.1081081081081081,0.23684210526315788,0.5263157894736842,0.27027027027027023,0.4473684210526315,0.3235294117647059,0.12121212121212122,0.23529411764705882,0.379746835443038,0.12987012987012986,0.20253164556962025,0.33766233766233766,0.10666666666666665,0.2337662337662338
35,0.14457831325301204,0.0,0.12048192771084336,0.18784530386740333,0.0670391061452514,0.143646408839779,0.5352112676056338,0.2898550724637681,0.3380281690140845,0.5060240963855421,0.22222222222222224,0.38554216867469876,0.43902439024390244,0.175,0.36585365853658536,0.5208333333333334,0.2978723404255319,0.3125,0.591549295774648,0.3478260869565218,0.3661971830985915,0.5238095238095237,0.24390243902439027,0.4047619047619047,0.46913580246913583,0.12658227848101267,0.34567901234567905
36,0.061224489795918366,0.0,0.061224489795918366,0.36633663366336633,0.22000000000000003,0.24752475247524752,0.20833333333333334,0.0425531914893617,0.10416666666666667,0.6086956521739131,0.39999999999999997,0.43478260869565216,0.45161290322580644,0.21978021978021978,0.1935483870967742,0.5773195876288659,0.29473684210526313,0.26804123711340205,0.5052631578947369,0.3225806451612903,0.33684210526315794,0.6373626373626373,0.47191011235955055,0.5054945054945055,0.3617021276595745,0.15217391304347824,0.1702127659574468
37,0.0898876404494382,0.0,0.0898876404494382,0.32258064516129037,0.11764705882352942,0.16774193548387098,0.2641509433962264,0.07692307692307693,0.18867924528301885,0.27184466019417475,0.0594059405940594,0.13592233009708737,0.34615384615384615,0.0784313725490196,0.23076923076923078,0.4716981132075472,0.2692307692307692,0.33962264150943394,0.2615384615384615,0.07812499999999999,0.16923076923076924,0.3137254901960784,0.08,0.17647058823529413,0.38834951456310685,0.17821782178217824,0.2912621359223301
38,0.056338028169014086,0.0,0.056338028169014086,0.29069767441860467,0.12941176470588237,0.1511627906976744,0.4444444444444444,0.2278481012658228,0.37037037037037035,0.5,0.25641025641025644,0.27499999999999997,0.5679012345679013,0.3291139240506329,0.34567901234567905,0.5121951219512195,0.375,0.41463414634146345,0.45333333333333337,0.24657534246575344,0.29333333333333333,0.46913580246913583,0.27848101265822783,0.34567901234567905,0.5,0.33333333333333337,0.25
39,0.049999999999999996,0.0,0.049999999999999996,0.35000000000000003,0.189873417721519,0.2875,0.588235294117647,0.3373493975903615,0.5411764705882353,0.5116279069767442,0.26190476190476186,0.46511627906976744,0.5121951219512195,0.2,0.41463414634146345,0.4117647058823529,0.22,0.23529411764705885,0.44680851063829785,0.30434782608695654,0.4255319148936171,0.47058823529411764,0.21686746987951808,0.39999999999999997,0.48192771084337355,0.271604938271605,0.38554216867469876
40,0.13186813186813187,0.0,0.10989010989010989,0.2514285714285714,0.046242774566473986,0.1142857142857143,0.23255813953488375,0.04761904761904762,0.1627906976744186,0.3370786516853933,0.06896551724137931,0.20224719101123598,0.26373626373626374,0.06741573033707865,0.13186813186813187,0.3232323232323232,0.041237113402061855,0.20202020202020202,0.4583333333333333,0.1702127659574468,0.2916666666666667,0.36363636363636365,0.09302325581395349,0.2272727272727273,0.2857142857142857,0.06741573033707865,0.15384615384615385
41,0.17777777777777776,0.0,0.11111111111111112,0.3111111111111111,0.10112359550561799,0.17777777777777778,0.4466019417475729,0.27722772277227725,0.21359223300970873,0.36000000000000004,0.10204081632653063,0.18000000000000002,0.24489795918367346,0.041666666666666664,0.12244897959183673,0.3387096774193548,0.09836065573770492,0.24193548387096772,0.3963963963963964,0.18348623853211007,0.25225225225225223,0.46601941747572817,0.17821782178217824,0.36893203883495146,0.3232323232323232,0.10309278350515465,0.1818181818181818
42,0.18367346938775508,0.020833333333333332,0.14285714285714285,0.34594594594594597,0.10928961748633881,0.2054054054054054,0.39999999999999997,0.14285714285714288,0.22000000000000003,0.45454545454545453,0.14814814814814814,0.23636363636363636,0.4299065420560748,0.13333333333333333,0.24299065420560748,0.40350877192982454,0.08928571428571429,0.2105263157894737,0.4339622641509434,0.17307692307692307,0.24528301886792453,0.4587155963302752,0.16822429906542055,0.2201834862385321,0.4112149532710281,0.09523809523809523,0.22429906542056074
43,0.0,0.0,0.0,0.1839080459770115,0.11627906976744186,0.16091954022988508,0.40506329113924044,0.25974025974025977,0.35443037974683544,0.4102564102564102,0.23684210526315788,0.3076923076923077,0.22784810126582278,0.1038961038961039,0.17721518987341772,0.5161290322580645,0.3736263736263736,0.45161290322580644,0.4615384615384615,0.3157894736842105,0.4102564102564102,0.2894736842105263,0.1081081081081081,0.2105263157894737,0.26666666666666666,0.08219178082191782,0.21333333333333337
44,0.13592233009708737,0.019801980198019802,0.11650485436893203,0.16161616161616163,0.020408163265306124,0.0909090909090909,0.36666666666666664,0.16949152542372883,0.26666666666666666,0.2276422764227642,0.03305785123966942,0.13008130081300812,0.24390243902439024,0.01652892561983471,0.14634146341463414,0.3448275862068965,0.1929824561403509,0.20689655172413793,0.26666666666666666,0.03389830508474577,0.18333333333333332,0.2276422764227642,0.03305785123966942,0.13008130081300812,0.24793388429752064,0.01680672268907563,0.1322314049586777
45,0.06779661016949151,0.0,0.06779661016949151,0.15483870967741936,0.039215686274509796,0.07741935483870968,0.22222222222222224,0.02531645569620253,0.07407407407407407,0.0,0.0,0.0,0.0,0.0,0.0,0.22500000000000003,0.1282051282051282,0.2,0.1782178217821782,0.020202020202020204,0.07920792079207921,0.0,0.0,0.0,0.0,0.0,0.0
46,0.17777777777777778,0.0,0.11111111111111112,0.20338983050847456,0.011428571428571429,0.11299435028248589,0.2954545454545454,0.023255813953488372,0.11363636363636363,0.26829268292682923,0.07499999999999998,0.17073170731707318,0.3409090909090909,0.046511627906976744,0.1818181818181818,0.2549019607843137,0.0,0.13725490196078433,0.29885057471264365,0.023529411764705882,0.16091954022988506,0.32608695652173914,0.04444444444444444,0.17391304347826086,0.32558139534883723,0.07142857142857144,0.23255813953488372
47,0.06666666666666665,0.0,0.044444444444444446,0.2555555555555556,0.056179775280898875,0.15555555555555556,0.30188679245283023,0.05769230769230769,0.2264150943396226,0.33962264150943394,0.09615384615384616,0.2264150943396226,0.25,0.07843137254901959,0.17307692307692307,0.2982456140350877,0.08928571428571429,0.2456140350877193,0.3185840707964601,0.07207207207207209,0.19469026548672566,0.33962264150943394,0.11538461538461538,0.20754716981132074,0.20754716981132074,0.01923076923076923,0.16981132075471697
48,0.022471910112359546,0.0,0.022471910112359546,0.31351351351351353,0.12021857923497269,0.22702702702702707,0.29473684210526313,0.043010752688172046,0.2105263157894737,0.38095238095238093,0.11650485436893204,0.32380952380952377,0.32380952380952377,0.03883495145631067,0.17142857142857143,0.4102564102564103,0.10434782608695653,0.2735042735042735,0.411214953271028,0.13333333333333333,0.2803738317757009,0.34951456310679613,0.1188118811881188,0.29126213592233013,0.34615384615384615,0.03921568627450981,0.15384615384615383
49,0.21487603305785122,0.03361344537815126,0.18181818181818182,0.2975206611570248,0.06666666666666668,0.1487603305785124,0.2602739726027397,0.06944444444444443,0.136986301369863,0.39416058394160586,0.17777777777777776,0.24817518248175183,0.3382352941176471,0.14925373134328357,0.2058823529411765,0.4366197183098592,0.22857142857142856,0.323943661971831,0.2953020134228188,0.0816326530612245,0.16107382550335567,0.39416058394160586,0.17777777777777776,0.24817518248175183,0.4057971014492754,0.16176470588235298,0.21739130434782608
50,0.06666666666666667,0.0,0.03333333333333333,0.20618556701030924,0.041666666666666664,0.13402061855670103,0.225,0.07692307692307691,0.2,0.30434782608695654,0.0888888888888889,0.1956521739130435,0.41379310344827586,0.11764705882352941,0.2988505747126437,0.288659793814433,0.08421052631578947,0.20618556701030927,0.26506024096385544,0.07407407407407407,0.19277108433734938,0.2727272727272727,0.0697674418604651,0.22727272727272727,0.4827586206896552,0.18823529411764706,0.3448275862068966
51,0.03571428571428572,0.0,0.03571428571428572,0.23448275862068962,0.15384615384615385,0.16551724137931034,0.23333333333333334,0.06896551724137931,0.2,0.3333333333333333,0.1842105263157895,0.3333333333333333,0.23684210526315788,0.08108108108108107,0.1842105263157895,0.13186813186813187,0.02247191011235955,0.1098901098901099,0.3880597014925373,0.18461538461538457,0.3283582089552239,0.25641025641025644,0.13157894736842105,0.23076923076923078,0.20512820512820512,0.05263157894736842,0.15384615384615385
52,0.19277108433734938,0.04938271604938271,0.14457831325301204,0.3741935483870968,0.20915032679738566,0.18064516129032257,0.4507042253521127,0.28985507246376807,0.3098591549295775,0.6590909090909091,0.32558139534883723,0.25000000000000006,0.5054945054945055,0.2471910112359551,0.26373626373626374,0.4835164835164836,0.29213483146067415,0.2857142857142857,0.43373493975903615,0.2716049382716049,0.38554216867469876,0.5057471264367815,0.3058823529411765,0.27586206896551724,0.4367816091954023,0.11764705882352941,0.2528735632183908
53,0.021052631578947368,0.0,0.021052631578947368,0.27649769585253453,0.16744186046511628,0.20276497695852533,0.10810810810810809,0.0,0.08108108108108107,0.3505154639175258,0.06315789473684211,0.22680412371134018,0.4,0.15053763440860213,0.29473684210526313,0.5517241379310345,0.40350877192982465,0.5,0.352,0.13008130081300814,0.256,0.3505154639175258,0.06315789473684211,0.22680412371134018,0.27083333333333337,0.0425531914893617,0.18749999999999997
54,0.1111111111111111,0.0,0.1111111111111111,0.27027027027027023,0.08743169398907104,0.1837837837837838,0.1941747572815534,0.039603960396039604,0.1553398058252427,0.35398230088495575,0.1081081081081081,0.15929203539823006,0.24561403508771928,0.017857142857142856,0.14035087719298245,0.33043478260869563,0.07079646017699115,0.1565217391304348,0.2631578947368421,0.03571428571428571,0.12280701754385964,0.3185840707964601,0.0900900900900901,0.15929203539823006,0.191304347826087,0.017699115044247787,0.1391304347826087
55,0.14285714285714285,0.0,0.11428571428571428,0.1951219512195122,0.04938271604938272,0.10975609756097561,0.17241379310344826,0.07142857142857144,0.17241379310344826,0.2278481012658228,0.07792207792207793,0.17721518987341772,0.17721518987341772,0.051948051948051945,0.17721518987341772,0.2222222222222222,0.10126582278481013,0.1728395061728395,0.18750000000000003,0.03225806451612904,0.15625,0.2222222222222222,0.10126582278481013,0.14814814814814814,0.0975609756097561,0.025,0.0975609756097561
56,0.17073170731707318,0.0,0.17073170731707318,0.19318181818181818,0.08045977011494253,0.11363636363636363,0.1978021978021978,0.06741573033707866,0.15384615384615385,0.27722772277227725,0.06060606060606061,0.1782178217821782,0.27368421052631575,0.04301075268817204,0.1473684210526316,0.37777777777777777,0.1590909090909091,0.26666666666666666,0.3043478260869565,0.11111111111111112,0.2173913043478261,0.27999999999999997,0.061224489795918366,0.18000000000000002,0.3095238095238095,0.04878048780487805,0.19047619047619047
57,0.0,0.0,0.0,0.3151515151515151,0.12269938650306748,0.20606060606060603,0.2558139534883721,0.04761904761904762,0.11627906976744186,0.38636363636363635,0.06976744186046512,0.20454545454545456,0.34883720930232553,0.04761904761904762,0.13953488372093023,0.33333333333333326,0.16,0.21568627450980393,0.31111111111111117,0.15909090909090912,0.22222222222222224,0.38202247191011235,0.0689655172413793,0.20224719101123598,0.38636363636363635,0.06976744186046512,0.20454545454545456
58,0.14814814814814814,0.0,0.12962962962962962,0.45128205128205123,0.2694300518134715,0.2461538461538462,0.45999999999999996,0.20408163265306123,0.36000000000000004,0.5423728813559322,0.2413793103448276,0.3220338983050848,0.456140350877193,0.125,0.2631578947368421,0.6119402985074627,0.2878787878787879,0.40298507462686567,0.4952380952380952,0.2912621359223301,0.41904761904761906,0.5263157894736842,0.21428571428571427,0.3508771929824562,0.5357142857142857,0.1272727272727273,0.26785714285714285
59,0.1904761904761905,0.0,0.14285714285714288,0.369047619047619,0.1566265060240964,0.2738095238095238,0.5161290322580646,0.26373626373626374,0.38709677419354843,0.3505154639175258,0.06315789473684211,0.2061855670103093,0.3505154639175258,0.08421052631578947,0.24742268041237114,0.5423728813559322,0.20689655172413793,0.38983050847457623,0.5499999999999999,0.3050847457627119,0.45,0.3636363636363636,0.06185567010309278,0.20202020202020202,0.34693877551020413,0.14583333333333334,0.2653061224489796
60,0.06837606837606838,0.0,0.05128205128205128,0.27149321266968324,0.13698630136986298,0.18099547511312217,0.4558823529411765,0.26865671641791045,0.39705882352941174,0.44961240310077516,0.2992125984251969,0.3875968992248062,0.3149606299212599,0.16000000000000003,0.2992125984251968,0.3506493506493507,0.14473684210526314,0.24675324675324675,0.3384615384615385,0.15625,0.23076923076923078,0.3230769230769231,0.15625,0.23076923076923078,0.35772357723577236,0.24793388429752067,0.3414634146341463
61,0.09302325581395349,0.02380952380952381,0.09302325581395349,0.19047619047619047,0.0427807486631016,0.1164021164021164,0.23076923076923075,0.026315789473684213,0.15384615384615385,0.3655913978494624,0.06593406593406592,0.1935483870967742,0.24719101123595505,0.022988505747126433,0.15730337078651685,0.22448979591836735,0.020833333333333332,0.12244897959183673,0.2962962962962962,0.05063291139240506,0.2469135802469136,0.3516483516483516,0.08988764044943819,0.26373626373626374,0.2790697674418604,0.04761904761904762,0.18604651162790697
62,0.136986301369863,0.013888888888888888,0.10958904109589042,0.33070866141732286,0.14285714285714285,0.21259842519685038,0.31901840490797545,0.13664596273291924,0.15950920245398773,0.3670886075949367,0.16666666666666666,0.20253164556962025,0.34177215189873417,0.1282051282051282,0.16455696202531647,0.3448275862068965,0.13953488372093026,0.17241379310344826,0.27380952380952384,0.0963855421686747,0.15476190476190477,0.3670886075949367,0.16666666666666666,0.20253164556962025,0.3552631578947368,0.17333333333333334,0.28947368421052627
63,0.1941747572815534,0.0,0.1553398058252427,0.3529411764705882,0.24657534246575347,0.2895927601809955,0.3620689655172414,0.2105263157894737,0.2931034482758621,0.5087719298245613,0.41071428571428575,0.4736842105263158,0.3333333333333333,0.16071428571428573,0.2631578947368421,0.5344827586206897,0.2982456140350877,0.37931034482758624,0.4369747899159664,0.32478632478632485,0.40336134453781514,0.5391304347826088,0.4070796460176991,0.4695652173913043,0.4347826086956522,0.1415929203539823,0.2956521739130435
64,0.11428571428571428,0.0,0.0761904761904762,0.2222222222222222,0.0510204081632653,0.1313131313131313,0.17142857142857143,0.058252427184466014,0.1523809523809524,0.31858407079646023,0.19819819819819817,0.2831858407079646,0.3272727272727273,0.18518518518518517,0.2909090909090909,0.23762376237623764,0.14141414141414138,0.21782178217821785,0.2413793103448276,0.10526315789473684,0.1724137931034483,0.2807017543859649,0.08928571428571429,0.1929824561403509,0.31858407079646023,0.1081081081081081,0.21238938053097342
65,0.0,0.0,0.0,0.17073170731707318,0.037037037037037035,0.14634146341463417,0.27848101265822783,0.05194805194805195,0.22784810126582278,0.23255813953488372,0.04761904761904761,0.18604651162790697,0.25,0.046511627906976744,0.18181818181818185,0.1797752808988764,0.04597701149425288,0.1348314606741573,0.136986301369863,0.0,0.1095890410958904,0.24096385542168677,0.07407407407407408,0.24096385542168677,0.3132530120481928,0.07407407407407408,0.19277108433734938
66,0.0923076923076923,0.0,0.0923076923076923,0.29268292682926833,0.1234567901234568,0.20731707317073172,0.26966292134831465,0.06896551724137932,0.2247191011235955,0.4269662921348315,0.1839080459770115,0.2921348314606742,0.5411764705882353,0.2891566265060241,0.3764705882352941,0.3695652173913044,0.15555555555555556,0.26086956521739135,0.3655913978494623,0.15384615384615385,0.27956989247311825,0.45454545454545453,0.20930232558139536,0.31818181818181823,0.43181818181818177,0.16279069767441862,0.25
67,0.08,0.0,0.053333333333333344,0.18181818181818182,0.056737588652482275,0.12587412587412586,0.20588235294117646,0.030303030303030304,0.11764705882352941,0.271604938271605,0.0759493670886076,0.19753086419753085,0.22222222222222224,0.02531645569620253,0.19753086419753085,0.28205128205128205,0.05263157894736841,0.2051282051282051,0.25316455696202533,0.07792207792207793,0.20253164556962022,0.26829268292682923,0.075,0.1951219512195122,0.26315789473684204,0.027027027027027025,0.2105263157894737
68,0.05769230769230769,0.0,0.05769230769230769,0.4299065420560748,0.2641509433962264,0.2803738317757009,0.47619047619047616,0.30645161290322587,0.4126984126984127,0.6788990825688074,0.4672897196261682,0.4036697247706422,0.6111111111111109,0.43396226415094336,0.35185185185185186,0.5000000000000001,0.35593220338983045,0.45,0.5203252032520325,0.3471074380165289,0.4715447154471545,0.6542056074766356,0.4380952380952381,0.3738317757009346,0.4485981308411215,0.22857142857142856,0.3177570093457944
69,0.11666666666666668,0.0,0.11666666666666668,0.33198380566801616,0.08979591836734693,0.15384615384615383,0.4246575342465754,0.125,0.19178082191780824,0.40310077519379844,0.11023622047244094,0.186046511627907,0.4516129032258065,0.16393442622950818,0.32258064516129026,0.46616541353383456,0.13740458015267176,0.2255639097744361,0.4125,0.02531645569620253,0.2125,0.406015037593985,0.10687022900763357,0.1954887218045113,0.5076923076923078,0.171875,0.24615384615384614
70,0.14736842105263157,0.0,0.14736842105263157,0.471264367816092,0.32558139534883723,0.4252873563218391,0.40476190476190477,0.29268292682926833,0.35714285714285715,0.5454545454545454,0.35051546391752575,0.46464646464646464,0.3762376237623762,0.20202020202020202,0.2772277227722772,0.5544554455445544,0.3434343434343434,0.4950495049504951,0.5252525252525252,0.30927835051546393,0.4444444444444444,0.4791666666666667,0.29787234042553196,0.3958333333333333,0.40816326530612246,0.14583333333333334,0.24489795918367346
71,0.10526315789473685,0.0,0.10526315789473685,0.30851063829787234,0.2258064516129032,0.2021276595744681,0.5494505494505494,0.449438202247191,0.39560439560439564,0.24761904761904763,0.09708737864077671,0.19047619047619044,0.3047619047619048,0.13592233009708737,0.19047619047619044,0.5178571428571428,0.3818181818181818,0.37499999999999994,0.5357142857142858,0.41818181818181815,0.37499999999999994,0.37383177570093457,0.24761904761904763,0.29906542056074764,0.20560747663551404,0.0761904761904762,0.14953271028037382
72,0.15384615384615385,0.0,0.13186813186813184,0.25,0.07207207207207206,0.13392857142857142,0.2666666666666666,0.022727272727272724,0.15555555555555556,0.3673469387755102,0.10416666666666667,0.2857142857142857,0.2857142857142857,0.041666666666666664,0.20408163265306126,0.39622641509433965,0.11538461538461538,0.20754716981132074,0.3505154639175258,0.08421052631578947,0.18556701030927833,0.3030303030303031,0.041237113402061855,0.1616161616161616,0.4123711340206186,0.042105263157894736,0.24742268041237112
73,0.1098901098901099,0.0,0.0879120879120879,0.358974358974359,0.17616580310880828,0.22564102564102567,0.4230769230769231,0.13725490196078433,0.23076923076923075,0.5360824742268041,0.2526315789473685,0.32989690721649484,0.4421052631578948,0.2150537634408602,0.3157894736842105,0.39639639639639634,0.12844036697247707,0.3063063063063063,0.47540983606557374,0.13333333333333333,0.3442622950819672,0.5154639175257731,0.23157894736842105,0.32989690721649484,0.3404255319148936,0.08695652173913043,0.1914893617021277
74,0.13513513513513511,0.0,0.13513513513513511,0.2619047619047619,0.09638554216867469,0.17857142857142858,0.19444444444444445,0.05714285714285714,0.1111111111111111,0.40963855421686746,0.17283950617283952,0.26506024096385544,0.22784810126582278,0.12987012987012989,0.17721518987341772,0.3111111111111111,0.0909090909090909,0.2,0.27272727272727276,0.06976744186046513,0.18181818181818185,0.27272727272727276,0.11627906976744186,0.20454545454545453,0.3023255813953488,0.09523809523809522,0.23255813953488372
75,0.023529411764705882,0.0,0.023529411764705882,0.25555555555555554,0.07865168539325842,0.17777777777777778,0.3820224719101123,0.18390804597701152,0.35955056179775274,0.0,0.0,0.0,0.0,0.0,0.0,0.38888888888888884,0.11320754716981132,0.2962962962962963,0.2352941176470588,0.0,0.14117647058823526,0.0,0.0,0.0,0.0,0.0,0.0
76,0.05405405405405406,0.0,0.05405405405405406,0.2541436464088398,0.1564245810055866,0.24309392265193372,0.4705882352941176,0.3132530120481928,0.4235294117647058,0.4444444444444444,0.3181818181818182,0.35555555555555557,0.449438202247191,0.22988505747126436,0.3370786516853933,0.5833333333333334,0.3829787234042553,0.4375,0.46,0.28571428571428575,0.33999999999999997,0.3225806451612903,0.1098901098901099,0.21505376344086022,0.43956043956043955,0.2921348314606742,0.2637362637362637
77,0.09523809523809523,0.024390243902439025,0.09523809523809523,0.29,0.15151515151515152,0.21999999999999997,0.4360902255639098,0.19847328244274812,0.3157894736842105,0.37837837837837834,0.14678899082568805,0.2162162162162162,0.36363636363636365,0.14814814814814814,0.2,0.5454545454545455,0.2689075630252101,0.4132231404958677,0.5277777777777777,0.29577464788732394,0.3888888888888889,0.3486238532110092,0.11214953271028037,0.1834862385321101,0.4339622641509434,0.1923076923076923,0.24528301886792447
78,0.10526315789473684,0.0,0.07894736842105263,0.2983425414364641,0.18994413407821228,0.2430939226519337,0.40963855421686746,0.19753086419753085,0.3373493975903615,0.42222222222222217,0.20454545454545453,0.31111111111111117,0.41379310344827586,0.14117647058823526,0.22988505747126434,0.536082474226804,0.35789473684210527,0.288659793814433,0.6410256410256411,0.4473684210526316,0.5641025641025641,0.3555555555555555,0.11363636363636363,0.22222222222222224,0.3448275862068966,0.09411764705882353,0.20689655172413793
79,0.14285714285714288,0.0,0.08571428571428572,0.4980237154150198,0.21513944223107567,0.2450592885375494,0.43529411764705883,0.21428571428571427,0.24705882352941175,0.39759036144578314,0.18292682926829268,0.14457831325301204,0.37575757575757573,0.18404907975460122,0.16969696969696968,0.39325842696629215,0.11363636363636362,0.24719101123595505,0.36363636363636365,0.16091954022988506,0.2727272727272727,0.39759036144578314,0.18292682926829268,0.14457831325301204,0.43636363636363634,0.23312883435582818,0.24242424242424246
80,0.08,0.0,0.05333333333333334,0.30120481927710846,0.14634146341463414,0.1686746987951807,0.2795698924731183,0.06593406593406592,0.2150537634408602,0.36000000000000004,0.16326530612244897,0.18000000000000002,0.5208333333333334,0.23404255319148937,0.33333333333333337,0.56,0.24489795918367344,0.32,0.39560439560439564,0.20224719101123595,0.32967032967032966,0.4040404040404041,0.2268041237113402,0.18181818181818185,0.3440860215053763,0.04395604395604396,0.15053763440860213
81,0.14285714285714288,0.0,0.14285714285714288,0.24817518248175185,0.07407407407407407,0.1897810218978102,0.17948717948717946,0.0,0.1282051282051282,0.25490196078431376,0.04,0.19607843137254902,0.26,0.02040816326530612,0.16,0.2692307692307692,0.0784313725490196,0.23076923076923078,0.2586206896551724,0.07017543859649122,0.17241379310344826,0.27722772277227725,0.0404040404040404,0.21782178217821782,0.297029702970297,0.0404040404040404,0.198019801980198
82,0.0879120879120879,0.0,0.0879120879120879,0.23589743589743584,0.062176165803108814,0.11282051282051284,0.32,0.08163265306122448,0.13999999999999999,0.30000000000000004,0.10204081632653063,0.2,0.41584158415841577,0.1414141414141414,0.17821782178217824,0.23423423423423423,0.03669724770642202,0.09009009009009009,0.3770491803278689,0.08333333333333333,0.1639344262295082,0.47619047619047616,0.19417475728155342,0.26666666666666666,0.38383838383838387,0.1443298969072165,0.1818181818181818
83,0.13483146067415733,0.022988505747126436,0.11235955056179775,0.27624309392265195,0.0670391061452514,0.15469613259668508,0.4893617021276596,0.28260869565217395,0.36170212765957455,0.4444444444444445,0.16494845360824742,0.20202020202020204,0.36170212765957455,0.13043478260869565,0.21276595744680854,0.58,0.36734693877551017,0.44,0.4893617021276596,0.28260869565217395,0.36170212765957455,0.41666666666666663,0.0851063829787234,0.22916666666666666,0.3368421052631579,0.08602150537634408,0.1894736842105263
84,0.13725490196078433,0.0,0.11764705882352941,0.26506024096385544,0.0975609756097561,0.1686746987951807,0.24299065420560748,0.13333333333333333,0.205607476635514,0.38888888888888884,0.11320754716981132,0.22222222222222224,0.2830188679245283,0.11538461538461539,0.18867924528301885,0.2926829268292683,0.08264462809917356,0.1626016260162602,0.30909090909090914,0.12962962962962962,0.2363636363636364,0.42592592592592593,0.15094339622641512,0.24074074074074076,0.33962264150943394,0.07692307692307693,0.18867924528301885
85,0.0547945205479452,0.0,0.0547945205479452,0.20858895705521474,0.06211180124223603,0.17177914110429449,0.12048192771084337,0.0,0.0963855421686747,0.39999999999999997,0.25,0.3111111111111111,0.29213483146067415,0.04597701149425288,0.17977528089887637,0.3888888888888889,0.2075471698113208,0.2777777777777778,0.3541666666666667,0.10638297872340426,0.2708333333333333,0.40449438202247195,0.25287356321839083,0.3370786516853933,0.22727272727272724,0.023255813953488372,0.11363636363636362
86,0.13513513513513511,0.0,0.10810810810810811,0.26666666666666666,0.0898876404494382,0.18888888888888888,0.4411764705882353,0.21212121212121213,0.32352941176470584,0.41975308641975306,0.1772151898734177,0.2716049382716049,0.4050632911392405,0.15584415584415584,0.32911392405063294,0.3695652173913044,0.11111111111111112,0.23913043478260868,0.2921348314606742,0.09195402298850573,0.20224719101123598,0.41463414634146345,0.17500000000000002,0.2682926829268293,0.32911392405063294,0.15584415584415584,0.27848101265822783
87,0.12698412698412698,0.03278688524590164,0.12698412698412698,0.1767955801104972,0.0782122905027933,0.143646408839779,0.2988505747126437,0.07058823529411765,0.16091954022988506,0.3218390804597701,0.1411764705882353,0.18390804597701146,0.35714285714285715,0.14634146341463414,0.23809523809523814,0.30952380952380953,0.0975609756097561,0.21428571428571427,0.25,0.08571428571428572,0.16666666666666669,0.3218390804597701,0.1411764705882353,0.18390804597701146,0.3294117647058824,0.12048192771084339,0.18823529411764706
